ra1,dec1,ra2,dec2,name,distance
30.975,42.329722,17.432917,35.620556,Andromeda,12.460681808673332
14.188333,38.499444,17.432917,35.620556,Andromeda,3.871362225501242
14.188333,38.499444,12.453333,41.078889,Andromeda,2.903434141421348
9.832083,30.860833,17.432917,35.620556,Andromeda,7.9370810899201585
9.832083,30.860833,2.097083,29.090556,Andromeda,6.92851671492078
156.787917,-31.067778,149.717917,-35.891111,Antlia,7.614320216872787
250.769167,-77.5175,248.3625,-78.897222,Apus,1.4644794751486234
221.965,-79.044722,248.3625,-78.897222,Apus,5.009116579558169
311.919167,-9.495833,322.889583,-5.571111,Aquarius,11.55983877730543
331.445833,-0.319722,322.889583,-5.571111,Aquarius,10.02702818372613
331.445833,-0.319722,334.208333,-7.783333,Aquarius,7.955368617147464
331.609167,-13.869722,334.208333,-7.783333,Aquarius,6.599590626253121
337.661667,-10.678056,334.208333,-7.783333,Aquarius,4.47161258034388
337.661667,-10.678056,342.397917,-13.5925,Aquarius,5.470732085886584
343.6625,-15.820833,342.397917,-13.5925,Aquarius,2.5419165539430253
343.6625,-15.820833,347.361667,-21.1725,Aquarius,6.39801139255914
331.445833,-0.319722,335.414167,-1.387222,Aquarius,4.1089268490299435
337.20875,-0.02,335.414167,-1.387222,Aquarius,2.2559223346331874
337.20875,-0.02,338.839167,-0.1175,Aquarius,1.633328312006467
343.15375,-7.579722,338.839167,-0.1175,Aquarius,8.613356854841975
343.15375,-7.579722,348.972917,-9.087778,Aquarius,5.951717042673553
350.7425,-20.100556,348.972917,-9.087778,Aquarius,11.144639976636563
284.905833,15.068333,286.3525,13.863333,Aquila,1.8477501856239156
291.374583,3.114722,286.3525,13.863333,Aquila,11.83751398001377
291.374583,3.114722,286.562083,-4.8825,Aquila,9.331268206307561
291.374583,3.114722,298.118333,1.005556,Aquila,7.061356533380179
302.82625,-0.821389,298.118333,1.005556,Aquila,5.049779701671765
291.374583,3.114722,297.695833,8.868333,Aquila,8.520100710053743
296.565,10.613333,297.695833,8.868333,Aquila,2.0705304454389863
298.828333,6.406667,297.695833,8.868333,Aquila,2.7054567034085464
271.657917,-50.091667,261.325,-55.53,Ara,8.266525211964444
261.348333,-56.3775,261.325,-55.53,Ara,0.8476006578354258
261.348333,-56.3775,262.774583,-60.683889,Ara,4.370009852607957
252.44625,-59.041389,262.774583,-60.683889,Ara,5.43282025367519
252.44625,-59.041389,254.655,-55.990278,Ara,3.2731543097005895
262.960417,-49.876111,254.655,-55.990278,Ara,7.890933069918354
262.960417,-49.876111,271.657917,-50.091667,Ara,5.5935041441818925
42.495833,27.260556,31.793333,23.4625,Aries,10.384920201141343
28.66,20.808056,31.793333,23.4625,Aries,3.9328646581067495
28.3825,19.295833,28.66,20.808056,Aries,1.5345247376790352
81.572917,28.6075,74.248333,33.166111,Auriga,7.761134748488656
75.619583,41.075833,74.248333,33.166111,Auriga,7.984610374026732
75.619583,41.075833,79.1725,45.998056,Auriga,5.553911923018874
89.882083,44.9475,79.1725,45.998056,Auriga,7.5772587980414485
89.882083,44.9475,89.930417,37.2125,Auriga,7.735085377903976
81.572917,28.6075,89.930417,37.2125,Auriga,11.09233998487844
207.369167,15.797778,208.67125,18.397778,Bootes,2.8824511332706586
213.915417,19.1825,208.67125,18.397778,Bootes,5.026082626388889
213.915417,19.1825,217.9575,30.371389,Bootes,11.772375600588994
218.019583,38.308333,217.9575,30.371389,Bootes,7.937108906051869
218.019583,38.308333,225.486667,40.390556,Bootes,6.135756974709019
228.875833,33.314722,225.486667,40.390556,Bootes,7.576026508610531
228.875833,33.314722,221.246667,27.074167,Bootes,9.073216823165295
213.915417,19.1825,221.246667,27.074167,Bootes,10.373635949267468
213.915417,19.1825,220.287083,13.728333,Bootes,8.188389688711032
67.70875,-44.953889,70.140417,-41.863889,Caelum,3.5588922655166133
70.514583,-37.144444,70.140417,-41.863889,Caelum,4.728251734108004
80.639583,79.231111,57.589583,71.332222,Camelopardalis,9.688454149150578
52.267083,59.940278,57.589583,71.332222,Camelopardalis,11.590757403676413
52.267083,59.940278,73.5125,66.342778,Camelopardalis,11.448686783802463
73.5125,66.342778,57.589583,71.332222,Camelopardalis,7.570790737856254
124.12875,9.185556,131.17125,18.154167,Cancer,11.275938846131224
134.621667,11.857778,131.17125,18.154167,Cancer,7.123057194224183
130.82125,21.468611,131.17125,18.154167,Cancer,3.3307544771901467
130.82125,21.468611,131.674167,28.76,Cancer,7.332082838969574
130.82125,21.468611,125.01625,27.217778,Cancer,7.809183163366008
194.007083,38.318333,188.435417,41.3575,Canes Venatici,5.246031908131701
103.5475,-12.038611,105.939583,-15.633333,Canis Major,4.2795688041893
104.034167,-17.054167,105.939583,-15.633333,Canis Major,2.3155230722491633
103.5475,-12.038611,104.034167,-17.054167,Canis Major,5.037612070878414
101.287083,-16.716111,104.034167,-17.054167,Canis Major,2.650276998320135
101.287083,-16.716111,99.170833,-19.255833,Canis Major,3.240489008071067
95.675,-17.955833,99.170833,-19.255833,Canis Major,3.5589084998415883
98.764167,-22.964722,99.170833,-19.255833,Canis Major,3.728231429258091
103.554167,-23.928333,99.170833,-19.255833,Canis Major,6.199137735667368
103.554167,-23.928333,105.429583,-27.934722,Canis Major,4.34669092702585
104.65625,-28.972222,105.429583,-27.934722,Canis Major,1.2404309661314774
104.65625,-28.972222,102.460417,-32.508611,Canis Major,4.008179907883402
104.65625,-28.972222,95.078333,-30.063333,Canis Major,8.403261108987927
107.097917,-26.393333,105.429583,-27.934722,Canis Major,2.1398181578743376
107.097917,-26.393333,108.702917,-26.772778,Canis Major,1.484624736812628
111.02375,-29.303056,108.702917,-26.772778,Canis Major,3.255314868318414
107.097917,-26.393333,105.75625,-23.833333,Canis Major,2.833551657480835
101.287083,-16.716111,105.75625,-23.833333,Canis Major,8.258147438031708
114.825417,5.225,111.7875,8.289444,Canis Minor,4.299964667203663
304.51375,-12.544722,305.252917,-14.781389,Capricornus,2.3491454799588185
311.52375,-25.270833,305.252917,-14.781389,Capricornus,12.024992366175324
316.486667,-17.232778,305.252917,-14.781389,Capricornus,11.07066077454144
316.486667,-17.232778,312.955417,-26.919167,Capricornus,10.222321869660849
316.486667,-17.232778,321.666667,-22.411389,Capricornus,7.109193837351958
316.486667,-17.232778,320.561667,-16.834444,Capricornus,3.9164711548339493
321.666667,-22.411389,320.561667,-16.834444,Capricornus,5.673133776482535
325.022917,-16.662222,320.561667,-16.834444,Capricornus,4.275381082943579
325.022917,-16.662222,326.76,-16.127222,Capricornus,1.7502139297203338
95.987917,-52.695833,125.628333,-59.509722,Carina,17.692955704272848
125.628333,-59.509722,122.383333,-47.336667,Carina,12.321964495392818
95.987917,-52.695833,99.440417,-43.196111,Carina,9.774169257675734
130.154167,-59.761111,125.628333,-59.509722,Carina,2.3011235766737337
137.741667,-58.966944,130.154167,-59.761111,Carina,3.9448305159300436
137.741667,-58.966944,130.154167,-59.761111,Carina,3.9448305159300436
137.741667,-58.966944,139.2725,-59.275278,Carina,0.8439747453384544
154.270833,-61.332222,139.2725,-59.275278,Carina,7.6902922195918135
154.270833,-61.332222,156.969583,-58.739444,Carina,2.9216444855925374
163.373333,-58.853333,156.969583,-58.739444,Carina,3.3183470757462286
163.373333,-58.853333,167.1475,-58.975,Carina,1.9522171271383157
160.88375,-60.566667,167.1475,-58.975,Carina,3.530520948536749
160.88375,-60.566667,160.739167,-64.394444,Carina,3.8283572967289294
153.434167,-70.038056,160.739167,-64.394444,Carina,6.302959443497039
153.434167,-70.038056,138.3,-69.717222,Carina,5.202947071119356
28.59875,63.67,21.454167,60.235278,Cassiopeia,4.799203802070499
14.177083,60.716667,21.454167,60.235278,Cassiopeia,3.616312239525309
14.177083,60.716667,10.127083,56.537222,Cassiopeia,4.679118221587482
2.294583,59.149722,10.127083,56.537222,Cassiopeia,4.91509542910343
173.945,-63.019722,173.690417,-54.264167,Centaurus,8.756539496744676
182.089583,-50.7225,173.690417,-54.264167,Centaurus,6.214081127236179
182.089583,-50.7225,187.01,-50.230556,Centaurus,3.169115755619827
190.379167,-48.959722,187.01,-50.230556,Centaurus,2.5263377342242297
190.379167,-48.959722,208.885,-47.288333,Centaurus,12.433906813770252
204.971667,-53.466389,208.885,-47.288333,Centaurus,6.660533602427991
204.971667,-53.466389,210.955833,-60.373056,Centaurus,7.632773584354321
219.899583,-60.835278,210.955833,-60.373056,Centaurus,4.4107310632225385
209.67,-44.803611,208.885,-47.288333,Centaurus,2.543719661662788
209.67,-44.803611,207.404167,-42.473889,Centaurus,2.848681309764454
218.876667,-42.157778,207.404167,-42.473889,Centaurus,8.482702633249408
218.876667,-42.157778,224.790417,-42.104167,Centaurus,4.385166417473373
207.37625,-41.687778,207.404167,-42.473889,Centaurus,0.7863840025593518
207.37625,-41.687778,211.670833,-36.37,Centaurus,6.275577393296879
207.37625,-41.687778,202.76125,-39.4075,Centaurus,4.182006371175221
200.149167,-36.712222,202.76125,-39.4075,Centaurus,3.3899726046045386
354.836667,77.6325,342.42,66.200556,Cepheus,12.00231304625764
354.836667,77.6325,322.165,70.560833,Cepheus,11.152827889891913
342.42,66.200556,322.165,70.560833,Cepheus,8.582969099133443
342.42,66.200556,332.71375,58.201111,Cepheus,9.16796445930264
319.645,62.585556,322.165,70.560833,Cepheus,8.036239280975911
319.645,62.585556,332.71375,58.201111,Cepheus,7.782319775795909
33.25,8.846667,37.039583,8.46,Cetus,3.7663232218796483
41.235417,10.114167,37.039583,8.46,Cetus,4.458845245941264
41.235417,10.114167,44.92875,8.9075,Cetus,3.837143973370585
45.57,4.089722,44.92875,8.9075,Cetus,4.8596986068449874
45.57,4.089722,40.825,3.235833,Cetus,4.811630844652355
38.96875,5.593333,40.825,3.235833,Cetus,2.9970922101377955
38.96875,5.593333,37.039583,8.46,Cetus,3.447167729404242
39.870833,0.328611,40.825,3.235833,Cetus,3.0596238432569622
39.870833,0.328611,34.83625,-2.9775,Cetus,6.021362289462956
39.890833,-11.872222,34.83625,-2.9775,Cetus,10.207101011994764
39.890833,-11.872222,41.030833,-13.858611,Cetus,2.2761292311755312
38.021667,-15.244722,41.030833,-13.858611,Cetus,3.2255439469101828
38.021667,-15.244722,26.017083,-15.9375,Cetus,11.58198354723748
10.8975,-17.986667,26.017083,-15.9375,Cetus,14.601771517294111
10.8975,-17.986667,4.857083,-8.823889,Cetus,10.88090588930215
10.8975,-17.986667,17.1475,-10.182222,Cetus,9.878705219551339
21.005833,-8.183333,17.1475,-10.182222,Cetus,4.301330107353292
21.005833,-8.183333,27.865,-10.335,Cetus,7.102997834199152
36.4875,-12.290556,27.865,-10.335,Cetus,8.677429708801027
36.4875,-12.290556,39.890833,-11.872222,Cetus,3.3541137780108152
184.58625,-79.312222,158.867083,-78.607778,Chamaeleon,4.933402110766398
124.631667,-76.919722,158.867083,-78.607778,Chamaeleon,7.333274431742297
229.378333,-58.801111,220.626667,-64.975278,Circinus,7.410152866927563
230.844583,-59.320833,220.626667,-64.975278,Circinus,7.382182795037362
95.528333,-33.436389,94.137917,-35.140556,Columba,2.0551453183589254
89.384167,-35.283333,94.137917,-35.140556,Columba,3.8861818550154084
89.384167,-35.283333,87.74,-35.768333,Columba,1.4232702477365151
84.912083,-34.074167,87.74,-35.768333,Columba,2.871470715804077
84.912083,-34.074167,82.802917,-35.470556,Columba,2.2250967694550523
89.786667,-42.815278,87.74,-35.768333,Columba,7.2221043007604715
197.497083,17.529444,197.968333,27.878056,Coma Berenices,10.357701451073906
186.734583,28.268333,197.968333,27.878056,Coma Berenices,9.916188405542147
284.070417,-42.710556,285.77875,-42.095278,Corona Australis,1.403482754235372
287.087083,-40.496667,285.77875,-42.095278,Corona Australis,1.8765793302042406
287.087083,-40.496667,287.507083,-39.340833,Corona Australis,1.1998763233475451
287.367917,-37.904444,287.507083,-39.340833,Corona Australis,1.440497504877778
287.367917,-37.904444,286.604583,-37.063333,Corona Australis,1.0365082372807384
284.680833,-37.1075,286.604583,-37.063333,Corona Australis,1.5352565194790753
284.680833,-37.1075,284.16875,-37.343333,Corona Australis,0.4710391606034083
280.945417,-38.323611,284.16875,-37.343333,Corona Australis,2.7277910484074006
280.945417,-38.323611,278.089167,-39.703889,Corona Australis,2.613295155567389
233.2325,31.359167,231.957083,29.105833,Corona Borealis,2.508280664946086
233.672083,26.714722,231.957083,29.105833,Corona Borealis,2.8308202296385954
233.672083,26.714722,235.685833,26.295556,Corona Borealis,1.8501754345434014
237.39875,26.068333,235.685833,26.295556,Corona Borealis,1.5538578351538903
237.39875,26.068333,239.397083,26.877778,Corona Borealis,1.9633733756372338
240.360833,29.851111,239.397083,26.877778,Corona Borealis,3.0918577054755527
182.103333,-24.728889,182.53125,-22.619722,Corvus,2.1452615814466873
183.951667,-17.541944,182.53125,-22.619722,Corvus,5.2499452849249595
183.951667,-17.541944,187.46625,-16.515556,Corvus,3.513647333364619
188.596667,-23.396667,187.46625,-16.515556,Corvus,6.962526955442745
188.596667,-23.396667,182.53125,-22.619722,Corvus,5.636249152793984
167.914583,-22.825833,164.94375,-18.298889,Crater,5.312661566924909
169.835417,-14.778611,164.94375,-18.298889,Crater,5.862757825736131
169.835417,-14.778611,171.220417,-17.683889,Crater,3.19507670420535
167.914583,-22.825833,171.220417,-17.683889,Crater,6.004073765991147
176.190833,-18.350833,171.220417,-17.683889,Crater,4.773327245978849
176.190833,-18.350833,179.00375,-17.150833,Crater,2.9353964853675096
174.170417,-9.802222,179.00375,-17.150833,Crater,8.721134869412385
174.170417,-9.802222,171.1525,-10.859444,Crater,3.151554316503467
169.835417,-14.778611,171.1525,-10.859444,Crater,4.124128506817778
186.649583,-63.099167,187.79125,-57.113333,Crux,6.01256937918855
183.78625,-58.748889,191.93,-59.688611,Crux,4.2693327674677235
292.680417,27.959722,299.076667,35.083333,Cygnus,8.965764615923765
305.557083,40.256667,299.076667,35.083333,Cygnus,7.281148986317894
305.557083,40.256667,310.357917,45.280278,Cygnus,6.13397745257997
305.557083,40.256667,296.24375,45.130833,Cygnus,8.394416526631986
292.42625,51.729722,296.24375,45.130833,Cygnus,7.06583849239604
292.42625,51.729722,289.275833,53.368611,Cygnus,2.52067005853424
305.557083,40.256667,311.552917,33.970278,Cygnus,7.893657693750029
318.234167,30.226944,311.552917,33.970278,Cygnus,6.78322363437945
318.234167,30.226944,326.035833,28.742778,Cygnus,6.949916605284716
308.303333,11.303333,309.3875,14.595278,Delphinus,3.457302107125116
310.864583,15.074444,309.3875,14.595278,Delphinus,1.5060975276557087
310.864583,15.074444,311.664583,16.124167,Delphinus,1.3021588880250392
309.909583,15.911944,311.664583,16.124167,Delphinus,1.7001529846290269
309.909583,15.911944,309.3875,14.595278,Delphinus,1.4097161423346036
64.006667,-51.486667,68.499167,-55.045,Dorado,4.4569484347996156
83.40625,-62.489722,68.499167,-55.045,Dorado,10.684308093559284
83.40625,-62.489722,88.525417,-63.09,Dorado,2.4157854156348093
86.193333,-65.735556,88.525417,-63.09,Dorado,2.830326517827294
86.193333,-65.735556,83.40625,-62.489722,Dorado,3.465614576778966
172.850833,69.331111,188.370833,69.788333,Draco,5.424491482589396
211.097083,64.375833,188.370833,69.788333,Draco,10.281985089719145
211.097083,64.375833,231.2325,58.966111,Draco,10.911937365473673
240.472083,58.565278,231.2325,58.966111,Draco,4.803949594318425
240.472083,58.565278,245.997917,61.514167,Draco,4.036092710290037
257.196667,65.714722,245.997917,61.514167,Draco,6.496470240212839
257.196667,65.714722,275.264167,72.732778,Draco,9.429420582426067
288.8875,73.355556,275.264167,72.732778,Draco,4.012447585196369
288.8875,73.355556,297.043333,70.267778,Draco,3.9950412456830264
288.13875,67.661667,297.043333,70.267778,Draco,4.117327732708252
288.13875,67.661667,268.382083,56.872778,Draco,14.046985176189887
263.066667,55.173056,268.382083,56.872778,Draco,3.421129590846901
263.066667,55.173056,262.608333,52.301389,Draco,2.8844176187094175
269.151667,51.488889,262.608333,52.301389,Draco,4.117314918231495
269.151667,51.488889,268.382083,56.872778,Draco,5.402600665719575
317.585417,10.131667,318.620417,10.006944,Equuleus,1.0266613262363649
320.723333,6.811111,318.620417,10.006944,Equuleus,3.8131122011494107
320.723333,6.811111,318.955833,5.247778,Equuleus,2.3523173361428222
317.585417,10.131667,318.955833,5.247778,Equuleus,5.069083392133512
69.545,-14.303889,77.286667,-8.754167,Eridanus,9.395988608884982
77.286667,-8.754167,76.9625,-5.086389,Eridanus,3.6818632805426565
73.22375,-5.452778,76.9625,-5.086389,Eridanus,3.7409219033188785
73.22375,-5.452778,71.375417,-3.254722,Eridanus,2.8683917638035386
69.079583,-3.3525,71.375417,-3.254722,Eridanus,2.2941026300391045
69.079583,-3.3525,55.812083,-9.763333,Eridanus,14.650273656354289
53.2325,-9.458333,55.812083,-9.763333,Eridanus,2.561590461594374
53.2325,-9.458333,48.958333,-8.819722,Eridanus,4.267910247294419
44.107083,-8.898056,48.958333,-8.819722,Eridanus,4.793983245070031
44.107083,-8.898056,41.275833,-18.5725,Eridanus,10.056721041945972
45.597917,-23.624444,41.275833,-18.5725,Eridanus,6.462638762781926
45.597917,-23.624444,49.879167,-21.757778,Eridanus,4.368380665202212
53.447083,-21.632778,49.879167,-21.757778,Eridanus,3.3174572894910836
53.447083,-21.632778,56.712083,-23.249722,Eridanus,3.4234525548147063
68.8875,-30.562222,56.712083,-23.249722,Eridanus,13.07598049561051
68.8875,-30.562222,66.009167,-34.016944,Eridanus,4.225090206447578
64.47375,-33.798333,66.009167,-34.016944,Eridanus,1.292903088257492
64.47375,-33.798333,57.36375,-36.200278,Eridanus,6.297957852146956
57.149583,-37.620556,57.36375,-36.200278,Eridanus,1.430562685847058
57.149583,-37.620556,49.982083,-43.069722,Eridanus,7.710235766577922
44.565417,-40.304722,49.982083,-43.069722,Eridanus,4.898150527334825
44.565417,-40.304722,40.166667,-39.855556,Eridanus,3.395152910650086
39.95,-42.891667,40.166667,-39.855556,Eridanus,3.040458025750861
39.95,-42.891667,36.74625,-47.703889,Eridanus,5.312564384994701
34.1275,-51.512222,36.74625,-47.703889,Eridanus,4.168621740134025
34.1275,-51.512222,28.989583,-51.608889,Eridanus,3.1949807789508333
34.1275,-51.512222,24.42875,-57.236667,Eridanus,8.028249899455881
42.2725,-32.405833,48.017917,-28.986944,Fornax,6.00633534467012
101.3225,12.895556,109.523333,16.540278,Gemini,8.727204197403482
110.030833,21.982222,109.523333,16.540278,Gemini,5.462970615729908
110.030833,21.982222,106.027083,20.570278,Gemini,3.9888771285381455
99.427917,16.399167,106.027083,20.570278,Gemini,7.51944583410192
110.030833,21.982222,113.980417,26.895833,Gemini,6.087609054679905
116.111667,24.398056,113.980417,26.895833,Gemini,3.1510506841126813
116.32875,28.026111,113.980417,26.895833,Gemini,2.370463137932156
111.431667,27.798056,113.980417,26.895833,Gemini,2.436986090086437
111.431667,27.798056,107.785,30.245278,Gemini,4.0191316141782805
113.65,31.888333,107.785,30.245278,Gemini,5.2847247525891055
103.197083,33.961111,107.785,30.245278,Gemini,5.375649393574923
100.982917,25.131111,107.785,30.245278,Gemini,7.898106579864752
100.982917,25.131111,97.240833,20.212222,Gemini,6.008859730195448
100.982917,25.131111,95.74,22.513611,Gemini,5.463165786410654
93.719167,22.506667,95.74,22.513611,Gemini,1.8668680970638978
93.719167,22.506667,91.03,23.263333,Gemini,2.590409016000958
328.482083,-37.365,331.52875,-39.543333,Grus,3.230321086646894
332.058333,-46.961111,331.52875,-39.543333,Grus,7.427748551970172
332.058333,-46.961111,337.3175,-43.495556,Grus,5.070253966556229
346.72,-43.520556,337.3175,-43.495556,Grus,6.815836659065199
346.72,-43.520556,347.59,-45.246667,Grus,1.8346483016478614
340.667083,-46.884722,347.59,-45.246667,Grus,5.072886194377536
340.667083,-46.884722,332.058333,-46.961111,Grus,5.8771595992847745
340.667083,-46.884722,342.13875,-51.316944,Grus,4.5354895206029155
340.667083,-46.884722,345.22,-52.754167,Grus,6.56029953558058
245.48,19.153056,247.555,21.489722,Hercules,3.0406499468359427
250.321667,31.603056,247.555,21.489722,Hercules,10.410426730557896
250.321667,31.603056,255.0725,30.926389,Hercules,4.116542147489419
262.684583,26.110556,255.0725,30.926389,Hercules,8.23789985969381
262.684583,26.110556,258.757917,24.839167,Hercules,3.765755479357504
262.684583,26.110556,266.614583,27.720556,Hercules,3.8561208913397325
269.44125,29.247778,266.614583,27.720556,Hercules,2.9161882724135872
269.44125,29.247778,271.885833,28.7625,Hercules,2.1923076121418084
258.761667,36.809167,255.0725,30.926389,Hercules,6.630982922580505
258.761667,36.809167,259.417917,37.291667,Hercules,0.7121249750436507
260.920833,37.145833,259.417917,37.291667,Hercules,1.2056590859396747
260.920833,37.145833,269.063333,37.250556,Hercules,6.484745862477668
264.86625,46.006389,269.063333,37.250556,Hercules,9.29730972660716
258.761667,36.809167,250.724167,38.922222,Hercules,6.684987310624176
250.321667,31.603056,250.724167,38.922222,Hercules,7.326515687226974
248.525833,42.436944,250.724167,38.922222,Hercules,3.889690020888357
248.525833,42.436944,244.935,46.313333,Hercules,4.647930287361303
242.1925,44.935,244.935,46.313333,Hercules,2.3616591490606695
242.1925,44.935,238.16875,42.451667,Hercules,3.8242278184019907
45.903333,-59.737778,40.165,-54.55,Horologium,6.045265105756347
63.500417,-42.294444,40.165,-54.55,Horologium,19.589729254904586
129.689167,3.341389,130.80625,3.398611,Hydra,1.1166183269361782
129.689167,3.341389,129.414167,5.703611,Hydra,2.378074165937234
131.694167,6.418889,129.414167,5.703611,Hydra,2.377390600239329
131.694167,6.418889,132.108333,5.837778,Hydra,0.7122268077798954
130.80625,3.398611,132.108333,5.837778,Hydra,2.7629160270244366
133.848333,5.945556,132.108333,5.837778,Hydra,1.7341603719230907
133.848333,5.945556,138.59125,2.314167,Hydra,5.963044539468402
142.995417,-1.185,138.59125,2.314167,Hydra,5.624316978492753
142.995417,-1.185,142.287083,-2.768889,Hydra,1.7348810573201516
141.896667,-8.658611,142.287083,-2.768889,Hydra,5.90250812434631
141.896667,-8.658611,147.869583,-14.846667,Hydra,8.511684666245554
151.28125,-13.064722,147.869583,-14.846667,Hydra,3.7598629044597303
151.28125,-13.064722,152.647083,-12.354167,Hydra,1.5099874033069753
156.5225,-16.836389,152.647083,-12.354167,Hydra,5.843502123140893
156.5225,-16.836389,162.40625,-16.193611,Hydra,5.677284846902041
173.250417,-31.857778,162.40625,-16.193611,Hydra,18.505152857236876
173.250417,-31.857778,178.2275,-33.908056,Hydra,4.654652066338257
197.26375,-23.118056,178.2275,-33.908056,Hydra,19.851226696734397
197.26375,-23.118056,199.730417,-23.171667,Hydra,2.2687412131409164
29.6925,-61.569722,35.437083,-68.659444,Hydrus,7.482795282564426
39.8975,-68.266944,35.437083,-68.659444,Hydrus,1.6833884504838854
39.8975,-68.266944,56.809583,-74.238889,Hydrus,8.018470619191522
6.437917,-77.254167,56.809583,-74.238889,Hydrus,12.336445270641784
309.391667,-47.291389,319.966667,-53.449722,Indus,9.11631902657429
313.7025,-58.454167,319.966667,-53.449722,Indus,6.105532377874626
313.7025,-58.454167,309.391667,-47.291389,Indus,11.456086859692125
333.9925,37.748889,337.622083,43.123333,Lacerta,6.0413280523940145
337.3825,47.706944,337.622083,43.123333,Lacerta,4.586688588820784
337.3825,47.706944,337.822917,50.2825,Lacerta,2.5917025984513593
335.89,52.229167,337.822917,50.2825,Lacerta,2.291727856087954
335.89,52.229167,336.129167,49.476389,Lacerta,2.7569113809928227
337.3825,47.706944,336.129167,49.476389,Lacerta,1.9539354896532823
146.462917,23.774167,148.190833,26.006944,Leo,2.7279187261584497
154.1725,23.417222,148.190833,26.006944,Leo,6.018359150396006
154.1725,23.417222,154.992917,19.841667,Leo,3.655946944491644
151.833333,16.762778,154.992917,19.841667,Leo,4.298251092111453
151.833333,16.762778,152.092917,11.967222,Leo,4.8021400800711715
168.56,15.429444,152.092917,11.967222,Leo,16.36318052436059
168.56,15.429444,177.265,14.571944,Leo,8.451333578388565
168.527083,20.523611,177.265,14.571944,Leo,10.23423346822743
168.56,15.429444,168.527083,20.523611,Leo,5.094263135701908
154.992917,19.841667,168.527083,20.523611,Leo,12.717794202250243
143.555833,36.3975,151.8575,35.244722,Leo Minor,6.827110219655017
163.327917,34.215,151.8575,35.244722,Leo Minor,9.477602579138571
163.327917,34.215,156.970833,36.707222,Leo Minor,5.744731984250454
151.8575,35.244722,156.970833,36.707222,Leo Minor,4.388154847882048
91.53875,-14.935278,89.10125,-14.167778,Lepus,2.4809770488540352
86.73875,-14.821944,89.10125,-14.167778,Lepus,2.378984703125852
86.73875,-14.821944,83.1825,-17.822222,Lepus,4.543794283754845
87.830417,-20.879167,83.1825,-17.822222,Lepus,5.344976700330323
87.830417,-20.879167,86.115833,-22.448333,Lepus,2.236334053642379
82.06125,-20.759444,86.115833,-22.448333,Lepus,4.1305058341063665
82.06125,-20.759444,83.1825,-17.822222,Lepus,3.122006460762642
82.06125,-20.759444,76.365417,-22.371111,Lepus,5.5363455830074715
78.232917,-16.205556,76.365417,-22.371111,Lepus,6.412250480036982
78.232917,-16.205556,83.1825,-17.822222,Lepus,5.001140940141561
78.232917,-16.205556,79.89375,-13.176667,Lepus,3.4284673530564254
79.99625,-12.315556,79.89375,-13.176667,Lepus,0.8668948969867594
78.232917,-16.205556,78.307917,-12.941389,Lepus,3.264973713904042
78.074583,-11.869167,78.307917,-12.941389,Lepus,1.0961707957712998
238.45625,-16.729444,233.881667,-14.789444,Libra,4.8107864847745105
229.251667,-9.383056,233.881667,-14.789444,Libra,7.050411843237962
229.251667,-9.383056,222.719583,-16.041667,Libra,9.213261264040204
226.0175,-25.281944,222.719583,-16.041667,Libra,9.740381799679282
226.0175,-25.281944,233.881667,-14.789444,Libra,12.823983785263746
237.739583,-33.627222,241.818333,-36.755556,Lupus,4.570427882409909
240.030417,-38.396944,241.818333,-36.755556,Lupus,2.168317326440311
240.030417,-38.396944,237.739583,-33.627222,Lupus,5.1165141888858
240.030417,-38.396944,233.785417,-41.166944,Lupus,5.53913044328773
234.513333,-42.5675,233.785417,-41.166944,Lupus,1.5017822761825348
234.513333,-42.5675,228.07125,-52.099167,Lupus,10.473980453592283
219.471667,-49.425833,228.07125,-52.099167,Lupus,6.05578792538911
220.4825,-47.388333,228.07125,-52.099167,Lupus,6.793343617680844
220.4825,-47.388333,216.545,-45.379444,Lupus,3.3776450522158754
220.4825,-47.388333,224.632917,-43.133889,Lupus,5.159164880720951
230.342917,-40.6475,224.632917,-43.133889,Lupus,4.9227741841966015
230.342917,-40.6475,230.451667,-36.261389,Lupus,4.386936527647272
230.342917,-40.6475,233.785417,-41.166944,Lupus,2.6528958667362956
140.26375,34.3925,139.71125,36.8025,Lynx,2.4514998470451936
136.6325,38.452222,139.71125,36.8025,Lynx,2.9437267620662824
136.6325,38.452222,135.16,41.782778,Lynx,3.515602497726727
125.70875,43.188056,135.16,41.782778,Lynx,7.105933839101583
125.70875,43.188056,111.678333,49.211389,Lynx,11.400437651755215
104.31875,58.4225,111.678333,49.211389,Lynx,10.170368106465993
104.31875,58.4225,94.905833,59.010833,Lynx,4.9189486663828825
279.234583,38.783611,281.193333,37.605,Lyra,1.9387117747515454
283.625833,36.898889,281.193333,37.605,Lyra,2.060879299354869
283.625833,36.898889,284.735833,32.689444,Lyra,4.3069024514250565
282.52,33.362778,284.735833,32.689444,Lyra,1.9760049506990958
282.52,33.362778,281.193333,37.605,Lyra,4.37745148644337
70.76625,-70.931111,82.970417,-76.341111,Mensa,6.382452419456292
312.492083,-33.779722,315.322917,-32.257778,Microscopium,2.8194597480908437
319.484583,-32.1725,315.322917,-32.257778,Microscopium,3.5217991126872645
115.311667,-9.551111,122.148333,-2.983889,Monoceros,9.447659978500226
107.96625,-0.492778,122.148333,-2.983889,Monoceros,14.391640033987132
107.96625,-0.492778,97.204167,-7.032778,Monoceros,12.568484664514479
93.71375,-6.274722,97.204167,-7.032778,Monoceros,3.548783281401171
107.96625,-0.492778,95.942083,4.592778,Monoceros,13.044636352234665
92.24125,2.499444,95.942083,4.592778,Monoceros,4.245499024687089
176.401667,-66.728611,191.570417,-68.108056,Musca,5.969289603944278
189.295833,-69.135556,191.570417,-68.108056,Musca,1.3201389209376215
189.295833,-69.135556,188.116667,-72.133056,Musca,3.0227481157605682
176.401667,-66.728611,188.116667,-72.133056,Musca,6.768865874688933
246.79625,-47.555,240.80375,-49.229722,Norma,4.315674111581244
244.96,-50.155556,240.80375,-49.229722,Norma,2.843101907384348
244.96,-50.155556,246.79625,-47.555,Norma,2.8672802624028373
244.96,-50.155556,243.369583,-54.630556,Norma,4.578714876827058
240.80375,-49.229722,243.369583,-54.630556,Norma,5.626812535867095
341.51375,-81.381667,216.72875,-83.667778,Octans,13.282905736522162
325.36875,-77.39,216.72875,-83.667778,Octans,15.797699726258452
341.51375,-81.381667,325.36875,-77.39,Octans,4.94097656699836
262.854167,-23.962778,257.594583,-15.724722,Ophiuchus,9.606272240009591
249.289583,-10.567222,257.594583,-15.724722,Ophiuchus,9.588941483600015
249.289583,-10.567222,244.580417,-4.6925,Ophiuchus,7.501821718102632
254.417083,9.375,244.580417,-4.6925,Ophiuchus,17.14655193339681
254.417083,9.375,263.73375,12.56,Ophiuchus,9.683595566789691
265.868333,4.567222,263.73375,12.56,Ophiuchus,8.266328161070279
265.868333,4.567222,257.594583,-15.724722,Ophiuchus,21.882387042061843
88.595417,20.276111,90.98,20.138333,Orion,2.2420280706891065
93.01375,16.130556,90.98,20.138333,Orion,4.449233046103393
93.01375,16.130556,92.985,14.208889,Orion,1.9218673038478447
91.892917,14.768333,92.985,14.208889,Orion,1.1962265138364696
91.892917,14.768333,88.595417,20.276111,Orion,6.341398614608306
91.892917,14.768333,90.595833,9.6475,Orion,5.27531079096335
92.985,14.208889,90.595833,9.6475,Orion,5.125157243608628
88.792917,7.406944,90.595833,9.6475,Orion,2.8633356431680865
88.792917,7.406944,83.784583,9.934167,Orion,5.558381270326098
81.282917,6.349722,83.784583,9.934167,Orion,4.356478717112224
81.282917,6.349722,72.46,6.961389,Orion,8.784618996945413
72.652917,8.900278,72.46,6.961389,Orion,1.9482800892440983
72.652917,8.900278,73.724167,10.150833,Orion,1.6370668176065801
72.801667,5.605,72.46,6.961389,Orion,1.3982573570235168
72.801667,5.605,73.345,2.508056,Orion,3.1439979285911828
74.637083,1.714167,73.345,2.508056,Orion,1.515732779430979
81.282917,6.349722,83.001667,-0.299167,Orion,6.866604928659563
84.053333,-1.201944,83.001667,-0.299167,Orion,1.3859274915234374
84.053333,-1.201944,85.189583,-1.942778,Orion,1.3560637745674846
88.792917,7.406944,85.189583,-1.942778,Orion,10.01712779052065
86.939167,-9.669722,85.189583,-1.942778,Orion,7.920267774507429
86.939167,-9.669722,78.634583,-8.201667,Orion,8.333703325683231
83.001667,-0.299167,78.634583,-8.201667,Orion,9.021393325673401
306.412083,-56.735,321.610833,-65.366111,Pavo,11.281443830980596
311.239583,-66.203056,321.610833,-65.366111,Pavo,4.330182393923921
311.239583,-66.203056,302.181667,-66.181944,Pavo,3.653237258417271
306.412083,-56.735,302.181667,-66.181944,Pavo,9.655338286711855
300.147917,-72.910556,302.181667,-66.181944,Pavo,6.765068287517473
300.147917,-72.910556,280.75875,-71.428056,Pavo,6.089656185010407
284.2375,-67.233611,280.75875,-71.428056,Pavo,4.368733187768699
284.2375,-67.233611,302.181667,-66.181944,Pavo,7.147110325219431
284.2375,-67.233611,283.054167,-62.1875,Pavo,5.071132253805335
275.806667,-61.493889,283.054167,-62.1875,Pavo,3.487923615861182
275.806667,-61.493889,272.145,-63.668333,Pavo,2.7507214717423945
283.054167,-62.1875,272.145,-63.668333,Pavo,5.173663961103398
266.433333,-64.723889,272.145,-63.668333,Pavo,2.6998226647476775
326.046667,9.875,332.55,6.197778,Pegasus,7.414360024610703
340.365417,10.831389,332.55,6.197778,Pegasus,9.009732216896888
340.365417,10.831389,341.673333,12.172778,Pegasus,1.8552259323463012
346.190417,15.205278,341.673333,12.172778,Pegasus,5.333998005742392
346.190417,15.205278,3.309167,15.183611,Pegasus,16.516069178049758
346.190417,15.205278,345.94375,28.082778,Pegasus,12.879528212249653
2.097083,29.090556,3.309167,15.183611,Pegasus,13.95185881062822
2.097083,29.090556,345.94375,28.082778,Pegasus,14.208769170100338
340.750417,30.221389,345.94375,28.082778,Pegasus,5.013619974098592
340.750417,30.221389,332.306667,33.172222,Pegasus,7.763443266452657
342.500833,24.601667,345.94375,28.082778,Pegasus,4.651042914831524
342.500833,24.601667,341.632917,23.565556,Pegasus,1.304353670218777
331.752917,25.345,341.632917,23.565556,Pegasus,9.165506996646542
331.752917,25.345,326.16125,25.645,Pegasus,5.055694033588204
42.674167,55.895556,46.199167,53.506389,Perseus,3.1387906706198816
51.080833,49.861111,46.199167,53.506389,Perseus,4.735742395919791
51.080833,49.861111,47.042083,40.955556,Perseus,9.342402138120294
46.294167,38.840278,47.042083,40.955556,Perseus,2.1916936692928295
46.294167,38.840278,42.64625,38.318611,Perseus,2.8988471584993296
51.080833,49.861111,55.73125,47.7875,Perseus,3.696741016198782
59.463333,40.010278,55.73125,47.7875,Perseus,8.226407831379333
59.463333,40.010278,59.74125,35.791111,Perseus,4.224855075012103
58.532917,31.883611,59.74125,35.791111,Perseus,4.034225562760319
58.532917,31.883611,56.079583,32.288333,Perseus,2.1175740240811014
2.352917,-45.7475,6.570833,-42.306111,Phoenix,4.585648097513738
6.550833,-43.68,6.570833,-42.306111,Phoenix,1.3739668653158146
2.352917,-45.7475,6.550833,-43.68,Phoenix,3.628783515860934
22.09125,-43.318333,6.550833,-43.68,Phoenix,11.262086512910559
22.09125,-43.318333,16.520833,-46.718611,Phoenix,5.200223492126539
17.09625,-55.245833,16.520833,-46.718611,Phoenix,8.53483425807673
6.550833,-43.68,16.520833,-46.718611,Phoenix,7.64711205940336
6.550833,-43.68,16.520833,-46.718611,Phoenix,7.64711205940336
22.812917,-49.072778,16.520833,-46.718611,Phoenix,4.828897109295627
22.812917,-49.072778,28.411667,-46.3025,Phoenix,4.675494188855819
28.411667,-46.3025,16.520833,-46.718611,Phoenix,8.186281532994402
86.82125,-51.066389,87.457083,-56.166667,Pictor,5.114144778292569
102.0475,-61.941389,87.457083,-56.166667,Pictor,9.432472087406552
15.704583,31.804444,19.866667,27.264167,Pisces,5.806272762818301
15.704583,31.804444,18.437083,24.583611,Pisces,7.610898032807666
15.704583,31.804444,18.437083,24.583611,Pisces,7.610898032807666
22.870833,15.345833,18.437083,24.583611,Pisces,10.131599605722403
22.870833,15.345833,26.348333,9.157778,Pisces,7.058857948795943
30.511667,2.763611,26.348333,9.157778,Pisces,7.616648418097935
30.511667,2.763611,28.38875,3.1875,Pisces,2.162011167895724
25.357917,5.4875,28.38875,3.1875,Pisces,3.7976498208525116
25.357917,5.4875,22.54625,6.143889,Pisces,2.8731592059100595
15.735833,7.89,22.54625,6.143889,Pisces,6.98097347252986
15.735833,7.89,12.0725,7.3,Pisces,3.6787871525872915
5.149583,8.190278,12.0725,7.3,Pisces,6.91714410295398
5.149583,8.190278,359.827917,6.863333,Pisces,5.43997529853646
354.9875,5.626389,359.827917,6.863333,Pisces,4.968031719994479
354.9875,5.626389,355.511667,1.78,Pisces,3.88177912407809
351.733333,1.255556,355.511667,1.78,Pisces,3.813230969909649
351.733333,1.255556,349.29125,3.282222,Pisces,3.171935085715769
351.992083,6.378889,349.29125,3.282222,Pisces,4.10247585608642
351.992083,6.378889,354.9875,5.626389,Pisces,3.072540288257652
19.866667,27.264167,18.437083,24.583611,Pisces,2.972870321602166
344.412917,-29.622222,340.164167,-27.043611,Piscis Austrinus,4.541943668408549
330.209167,-28.453611,340.164167,-27.043611,Piscis Austrinus,8.919501160953148
330.209167,-28.453611,326.934167,-30.898333,Piscis Austrinus,3.751036743721284
332.536667,-32.548333,326.934167,-30.898333,Piscis Austrinus,5.042204739803939
332.536667,-32.548333,337.87625,-32.346111,Piscis Austrinus,4.5100605151513244
337.87625,-32.346111,343.987083,-32.539722,Piscis Austrinus,5.160017056455467
121.885833,-24.304167,117.32375,-24.859722,Puppis,4.185427447934901
109.285833,-37.0975,117.32375,-24.859722,Puppis,14.030572485385647
109.285833,-37.0975,99.440417,-43.196111,Puppis,9.67495613716594
102.484167,-50.614722,99.440417,-43.196111,Puppis,7.702779337809479
102.484167,-50.614722,112.3075,-43.301389,Puppis,9.90497490958518
120.89625,-40.003333,112.3075,-43.301389,Puppis,7.210284858887044
120.89625,-40.003333,122.383333,-47.336667,Puppis,7.411401717465165
120.89625,-40.003333,121.885833,-24.304167,Puppis,15.721198669822913
132.632917,-27.71,130.897917,-33.186389,Pyxis,5.67666336831294
130.025833,-35.308333,130.897917,-33.186389,Pyxis,2.241019117696087
63.60625,-62.473889,56.05,-64.806944,Reticulum,4.082343535627766
59.68625,-61.400278,56.05,-64.806944,Reticulum,3.7815944238813715
59.68625,-61.400278,64.120417,-59.301944,Reticulum,3.0343302910975356
63.60625,-62.473889,64.120417,-59.301944,Reticulum,3.1817668555569694
301.289583,19.991111,299.689167,19.492222,Sagitta,1.586804732625967
296.847083,18.534167,299.689167,19.492222,Sagitta,2.852650451897614
296.847083,18.534167,295.024167,18.013889,Sagitta,1.8074668213852014
296.847083,18.534167,295.262083,17.476111,Sagitta,1.8416242873526218
290.805,-44.799722,298.815417,-41.868333,Sagitarius,6.518274022429167
290.971667,-40.616111,298.815417,-41.868333,Sagitarius,6.027073404120984
299.934167,-35.276389,298.815417,-41.868333,Sagitarius,6.649533438842872
299.934167,-35.276389,300.664583,-27.709722,Sagitarius,7.592177778280799
294.007083,-24.719167,300.664583,-27.709722,Sagitarius,6.67797901959121
294.007083,-24.719167,286.735,-27.670556,Sagitarius,7.159738329321005
283.81625,-26.296667,286.735,-27.670556,Sagitarius,2.9414139934793324
283.81625,-26.296667,284.4325,-21.106667,Sagitarius,5.220551338905765
286.170833,-21.741667,284.4325,-21.106667,Sagitarius,1.738328643741498
286.170833,-21.741667,289.40875,-18.953056,Sagitarius,4.121896758955608
290.418333,-17.847222,289.40875,-18.953056,Sagitarius,1.46305564521868
283.81625,-26.296667,281.414167,-26.990833,Sagitarius,2.256388045310863
276.9925,-25.421667,281.414167,-26.990833,Sagitarius,4.265847540672241
276.9925,-25.421667,273.440833,-21.058889,Sagitarius,5.447531164977892
276.9925,-25.421667,275.24875,-29.828056,Sagitarius,4.669154428489405
281.414167,-26.990833,275.24875,-29.828056,Sagitarius,6.118835260518695
271.452083,-30.424167,275.24875,-29.828056,Sagitarius,3.337312841137041
271.452083,-30.424167,266.89,-27.830833,Sagitarius,4.753906089664255
271.452083,-30.424167,276.042917,-34.384722,Sagitarius,5.540187685687635
274.406667,-36.761667,276.042917,-34.384722,Sagitarius,2.724046377250195
275.24875,-29.828056,276.042917,-34.384722,Sagitarius,4.605998291881302
285.652917,-29.880278,276.042917,-34.384722,Sagitarius,9.295031500946301
285.652917,-29.880278,281.414167,-26.990833,Sagitarius,4.715413169108304
285.652917,-29.880278,286.735,-27.670556,Sagitarius,2.4046266535801477
263.402083,-37.103889,265.622083,-39.03,Scorpius,2.6007107096417346
266.89625,-40.126944,265.622083,-39.03,Scorpius,1.472289715551548
266.89625,-40.126944,264.33,-42.997778,Scorpius,3.4533785464435405
258.038333,-43.239167,264.33,-42.997778,Scorpius,4.597801663007978
258.038333,-43.239167,253.49875,-42.362222,Scorpius,3.4437976794989242
252.9675,-38.0475,253.49875,-42.362222,Scorpius,4.33372862390683
252.9675,-38.0475,252.540833,-34.293333,Scorpius,3.7699195629184143
248.970833,-28.216111,252.540833,-34.293333,Scorpius,6.799074235818585
248.970833,-28.216111,247.351667,-26.431944,Scorpius,2.2917732975314866
239.712917,-26.114167,247.351667,-26.431944,Scorpius,6.855984529884871
240.083333,-22.621667,247.351667,-26.431944,Scorpius,7.629347629071747
241.359167,-19.805556,247.351667,-26.431944,Scorpius,8.615470495635703
349.705833,-32.531944,14.651667,-29.3575,Sculptor,21.57890773518593
353.242917,-37.818333,14.651667,-29.3575,Sculptor,19.676367645018132
353.242917,-37.818333,349.705833,-32.531944,Sculptor,6.024056754006702
281.79375,-4.747778,281.870833,-5.705,Scutum,0.9602949041766337
283.679583,-15.603056,281.870833,-5.705,Scutum,10.055971320274617
283.679583,-15.603056,277.299583,-14.565833,Scutum,6.2465638853397385
278.801667,-8.244167,277.299583,-14.565833,Scutum,6.490687110191126
278.801667,-8.244167,281.79375,-4.747778,Scutum,4.589099705873132
237.405,-3.430278,237.704167,4.477778,Serpens Caput,7.91370336587344
236.067083,6.425556,237.704167,4.477778,Serpens Caput,2.5395724616194064
236.067083,6.425556,233.700417,10.539167,Serpens Caput,4.7327062199041094
236.547083,15.421944,233.700417,10.539167,Serpens Caput,5.615218721106675
236.547083,15.421944,239.113333,15.661667,Serpens Caput,2.4839930880470966
237.185,18.141667,239.113333,15.661667,Serpens Caput,3.090932323082142
237.185,18.141667,236.547083,15.421944,Serpens Caput,2.787439315837657
260.207083,-12.846944,264.396667,-15.398611,Serpens Cauda,4.797386388330387
265.35375,-12.875278,264.396667,-15.398611,Serpens Cauda,2.688569776585153
265.35375,-12.875278,275.3275,-2.898889,Serpens Cauda,14.03086530629774
284.055,4.203611,275.3275,-2.898889,Serpens Cauda,11.247543861267992
157.572917,-0.636944,151.984583,-0.371667,Sextans,5.594405395093472
51.203333,9.028889,60.17,12.490278,Taurus,9.463003867410073
64.948333,15.6275,60.17,12.490278,Taurus,5.596443294302906
64.948333,15.6275,65.73375,17.5425,Taurus,2.0576144793846396
57.290417,24.053333,65.73375,17.5425,Taurus,10.22655512187868
65.73375,17.5425,66.3725,17.928056,Taurus,0.720272925425283
67.154167,19.180278,66.3725,17.928056,Taurus,1.4550490975487351
67.154167,19.180278,68.98,16.509167,Taurus,3.186645985732269
67.165417,15.870833,68.98,16.509167,Taurus,1.8558391378256007
67.165417,15.870833,64.948333,15.6275,Taurus,2.147670513963253
84.41125,21.1425,68.98,16.509167,Taurus,15.31349581855301
67.154167,19.180278,70.56125,22.956944,Taurus,4.936154004199527
81.572917,28.6075,70.56125,22.956944,Taurus,11.404070866761167
276.743333,-45.968333,277.207917,-49.070833,Telescopium,3.1183065453688315
28.270417,29.578889,32.385833,34.987222,Triangulum,6.429154681003131
34.32875,33.847222,32.385833,34.987222,Triangulum,1.9667932150688783
34.32875,33.847222,28.270417,29.578889,Triangulum,6.689306143131942
238.785417,-63.430556,252.16625,-69.027778,Triangulum Australe,7.7413491872861755
229.7275,-68.679444,252.16625,-69.027778,Triangulum Australe,8.05708434403202
229.7275,-68.679444,238.785417,-63.430556,Triangulum Australe,6.394446981585256
334.625417,-60.259722,349.3575,-58.235833,Tucana,7.781651203695881
5.017917,-64.874722,349.3575,-58.235833,Tucana,9.937313170488643
7.89,-62.965833,349.3575,-58.235833,Tucana,10.202919703247092
206.885,49.313333,200.98125,54.925278,Ursa Major,6.675688418515365
193.507083,55.959722,200.98125,54.925278,Ursa Major,4.361578807528424
193.507083,55.959722,183.856667,57.0325,Ursa Major,5.429022549133162
165.932083,61.750833,183.856667,57.0325,Ursa Major,10.227671537409007
165.932083,61.750833,142.882083,63.061944,Ursa Major,10.697902317610337
127.56625,60.718056,142.882083,63.061944,Ursa Major,7.565991813635699
127.56625,60.718056,147.7475,59.038611,Ursa Major,10.223763671232998
148.026667,54.064444,147.7475,59.038611,Ursa Major,4.976534647140084
148.026667,54.064444,143.214167,51.677222,Ursa Major,3.758518771906988
134.801667,48.041667,143.214167,51.677222,Ursa Major,6.522763678798977
135.90625,47.156667,143.214167,51.677222,Ursa Major,6.5543977889481395
148.026667,54.064444,165.460417,56.3825,Ursa Major,10.180397591044045
165.932083,61.750833,165.460417,56.3825,Ursa Major,5.373767863355905
178.4575,53.694722,165.460417,56.3825,Ursa Major,7.9031156208229545
178.4575,53.694722,183.856667,57.0325,Ursa Major,4.531400495082251
178.4575,53.694722,176.5125,47.779444,Ursa Major,6.041380115558102
167.415833,44.498611,176.5125,47.779444,Ursa Major,7.099605473917526
167.415833,44.498611,155.582083,41.499444,Ursa Major,9.149573360642405
167.415833,44.498611,154.274167,42.914444,Ursa Major,9.620188703187939
37.952917,89.264167,263.05375,86.586389,Ursa Minor,3.9673543581967157
251.492083,82.037222,263.05375,86.586389,Ursa Minor,4.668508459033883
251.492083,82.037222,236.014583,77.794444,Ursa Minor,4.998222059452766
222.67625,74.155556,236.014583,77.794444,Ursa Minor,4.845032122069558
222.67625,74.155556,230.182083,71.833889,Ursa Minor,3.1907298236292982
244.37625,75.755278,230.182083,71.833889,Ursa Minor,5.547320364118538
244.37625,75.755278,236.014583,77.794444,Ursa Minor,2.791083592533664
122.383333,-47.336667,136.999167,-43.4325,Vela,10.96190853744019
142.675,-40.466667,136.999167,-43.4325,Vela,5.157077922182168
142.675,-40.466667,153.684167,-42.121944,Vela,8.42913425736238
159.325417,-48.225833,153.684167,-42.121944,Vela,7.280513818265311
159.325417,-48.225833,161.6925,-49.42,Vela,1.963212795494464
149.215833,-54.567778,161.6925,-49.42,Vela,9.227142781403078
149.215833,-54.567778,140.528333,-55.010833,Vela,5.025356914950517
131.175833,-54.708333,140.528333,-55.010833,Vela,5.387588778378755
131.175833,-54.708333,130.073333,-52.921944,Vela,1.9012183349963867
122.383333,-47.336667,130.073333,-52.921944,Vela,7.441372558982985
220.765,-5.658333,214.00375,-6.000556,Virgo,6.7349348684187165
213.224167,-10.273611,214.00375,-6.000556,Virgo,4.342151511994249
213.224167,-10.273611,201.298333,-11.161389,Virgo,11.750520517982293
203.673333,-0.595833,201.298333,-11.161389,Virgo,10.825714259632587
203.673333,-0.595833,210.411667,1.544444,Virgo,7.069479032407175
221.562083,1.892778,210.411667,1.544444,Virgo,11.150809154128382
203.673333,-0.595833,193.900833,3.3975,Virgo,10.5523704661016
195.544167,10.959167,193.900833,3.3975,Virgo,7.735188443483105
190.415,-1.449444,193.900833,3.3975,Virgo,5.969349507454495
190.415,-1.449444,201.298333,-11.161389,Virgo,14.527388882856373
190.415,-1.449444,184.976667,-0.666944,Virgo,5.493379404333693
176.465,6.529444,184.976667,-0.666944,Virgo,11.133322389921323
115.455,-72.606111,107.187083,-70.498889,Volans,3.354547403886534
121.9825,-68.617222,107.187083,-70.498889,Volans,5.482587115110697
121.9825,-68.617222,115.455,-72.606111,Volans,4.533704993621143
121.9825,-68.617222,126.434167,-66.136944,Volans,3.01238515066549
121.9825,-68.617222,135.611667,-66.396111,Volans,5.652344858795915
126.434167,-66.136944,135.611667,-66.396111,Volans,3.6995119221344543
121.9825,-68.617222,109.2075,-67.957222,Volans,4.76313863470838
292.17625,24.665,300.275417,27.753611,Vulpecula,7.893146153869535